"date","time","bird","sex","tagged","inc_brood","walk","feed","fly","cos_time","sin_time"
2021-11-20,07:21:00.000000,"RB/BR","M","Y",0,1,1,0,5.99083397901819,1.89428768675683
2021-11-20,10:01:00.000000,"RB/RL","F","Y",1,1,0,0,5.74384795458002,2.54688599647184
2021-11-21,12:23:00.000000,"RR/BG","F","N",1,1,0,0,5.4651991376638,3.10000257903703
2021-11-22,08:12:00.000000,"RL/YR","M","Y",0,1,0,0,5.92000176859247,2.1052307864506
2021-11-22,08:28:00.000000,"RB/BY","F","Y",0,1,0,0,5.89624536826398,2.17087727925441
2021-11-25,12:57:00.000000,"RR/GO","M","N",1,0,0,0,5.3904881216177,3.22816595221743
2021-11-25,17:40:00.000000,"RB/RL","F","Y",1,1,0,0,4.65637563244248,4.21859971719921
2021-11-25,18:13:00.000000,"RB/BY","F","Y",1,1,0,0,4.558485201377,4.32419128545261
2021-11-26,10:45:00.000000,"RR/RG","M","Y",0,1,0,0,5.663357406865,2.7211763056562
2021-11-26,08:44:00.000000,"RB/BR","M","Y",0,1,0,0,5.87176104389751,2.23625576527486
2021-11-27,20:01:00.000000,"RR/BG","F","N",1,1,0,0,4.22166008313281,4.6536011589779
2021-11-27,20:03:00.000000,"RR/GO","M","N",1,1,0,0,4.21519267845121,4.65946008544861
2021-11-29,07:04:00.000000,"RR/BG","F","N",1,1,0,0,6.01277910824591,1.82343220323624
2021-11-29,07:06:00.000000,"RR/GO","M","N",1,1,0,0,6.01024076497178,1.8317815239348
2021-11-29,07:47:00.000000,"RR/WR","F","N",1,1,0,0,5.95565693211528,2.00214088198225
2021-11-29,09:10:00.000000,"RR/RG","M","Y",1,1,1,0,5.83042931737432,2.34190340950678
2021-12-07,15:30:00.000000,"RB/RL","F","Y",1,1,0,0,5.0177423039628,3.78162396007054
2021-12-10,07:49:00.000000,"RW/BY","F","Y",0,1,0,0,5.95287043751737,2.01041069398499
2021-12-10,11:13:00.000000,"RB/RL","F","Y",0,1,0,0,5.6093783939751,2.83077580135954
2021-12-12,14:07:00.000000,"RW/BG","M","Y",0,1,1,0,5.2272574679886,3.4862869887195
2021-12-12,14:09:00.000000,"RW/LB","F","Y",0,1,0,0,5.22241036256194,3.49354370365723
2021-12-12,14:40:00.000000,"RR/LR","M","Y",0,1,0,1,5.14599783525373,3.60515240786313
2021-12-12,15:39:00.000000,"RR/YY","F","Y",0,0,0,1,4.99400930562637,3.8129107856957
2021-12-12,15:44:00.000000,"RL/YR","M","Y",0,1,0,0,4.98073995399298,3.83022807611446
2021-12-12,15:58:00.000000,"RB/RL","F","Y",0,1,0,1,4.94326682019722,3.87847015570505
2021-12-13,10:01:00.000000,"RR/GG","F","N",1,1,0,0,5.74384795458002,2.54688599647184
2021-12-16,06:09:00.000000,"RW/BG","M","Y",1,1,1,1,6.07802192147121,1.59250341490148
2021-12-16,06:12:00.000000,"RR/YY","F","Y",0,1,1,0,6.0746910182765,1.60516249545905
2021-12-16,06:14:00.000000,"RL/YR","M","Y",0,1,1,0,6.0724557675624,1.61359801541634
2021-12-16,06:19:00.000000,"RB/BR","M","Y",0,1,1,0,6.06681640221375,1.63467316188517
2021-12-17,06:17:00.000000,"RW/RR","F","N",0,1,1,0,6.0690809293944,1.62624545405012
2021-12-17,06:58:00.000000,"RW/LB","F","Y",0,1,1,0,6.0203245262546,1.79836320106221
2021-12-17,07:04:00.000000,"RW/BY","F","Y",0,1,1,0,6.01277910824591,1.82343220323624
2021-12-18,07:15:00.000000,"RW/BY","F","Y",0,1,1,0,5.9986748178496,1.8693095072926
2021-12-18,07:36:00.000000,"RW/BG","M","Y",0,1,1,0,5.97077715185272,1.95658830806864
2021-12-18,08:26:00.000000,"RB/BR","M","Y",0,1,1,0,5.89925478766277,2.16268595838492
2021-12-18,08:49:00.000000,"RL/YR","M","Y",0,1,1,0,5.86396088663667,2.25663030298555
2021-12-18,08:59:00.000000,"RB/RL","F","Y",1,1,0,1,5.84814857372888,2.29729751315546
2021-12-18,09:12:00.000000,"RB/BY","F","Y",0,1,0,0,5.82717105131157,2.34999896661973
2021-12-19,06:31:00.000000,"RL/YR","M","Y",0,1,0,0,6.05298363140115,1.68517262093448
2021-12-21,05:53:00.000000,"RL/YR","M","Y",0,1,0,0,6.09534085709882,1.52487292589885
2021-12-21,06:32:00.000000,"RB/RL","F","Y",0,1,1,0,6.05181191319571,1.68937567511193
2021-12-21,07:07:00.000000,"RB/BR","M","Y",0,1,0,0,6.00896724534277,1.83595486021721
2021-12-23,06:08:00.000000,"RB/RL","F","Y",1,1,0,1,6.0791263609592,1.58828218268933
2021-12-25,06:50:00.000000,"RB/RL","F","Y",0,1,0,0,6.03022247552997,1.7648893732953
2021-12-31,06:15:00.000000,"RW/BG","M","Y",0,1,1,0,6.07133374924488,1.61781460916802
2021-12-31,08:33:00.000000,"RB/RL","F","Y",1,1,1,1,5.88867207158365,2.19133722592125
2022-01-03,07:39:00.000000,"RL/YR","M","Y",0,1,1,0,5.96668797174856,1.96902317206996
2022-01-03,08:28:00.000000,"RB/RL","F","Y",1,1,1,1,5.89624536826398,2.17087727925441
2022-01-03,08:29:00.000000,"RR/LR","M","Y",0,1,1,0,5.89473639297779,2.17497137030826
2022-01-05,07:56:00.000000,"RL/YR","M","Y",0,1,1,0,5.94302731202425,2.03932439128533
2022-01-05,07:58:00.000000,"RB/BY","F","Y",0,1,1,0,5.94018918586136,2.04757662629098
2022-02-11,14:46:00.000000,"RR/WB","F","N",0,1,1,0,5.13093174029702,3.62656270878776
2022-02-11,14:46:00.000000,"RW/LB","F","Y",0,1,1,0,5.13093174029702,3.62656270878776
2022-02-11,14:46:00.000000,"RB/RL","F","Y",0,1,1,0,5.13093174029702,3.62656270878776
2022-02-11,14:47:00.000000,"RR/WR","F","N",0,1,1,0,5.12841205697011,3.63012498108274
2022-02-11,14:49:00.000000,"RR/GO","M","N",0,1,1,0,5.12336527195528,3.63724427203893
2022-02-11,14:53:00.000000,"RB/BR","M","Y",0,1,1,0,5.11324206258017,3.65146179136771
2022-01-29,19:53:00.000000,"RW/RR","F","N",1,1,1,1,4.24744814100689,4.63007579784765
2022-01-29,19:56:00.000000,"RW/BY","F","Y",1,1,1,1,4.23779293919003,4.63891459383642
2022-02-02,14:35:00.000000,"RB/BR","M","Y",0,1,1,0,5.15848467951996,3.58726266330126
2022-02-25,13:17:00.000000,"RB/RL","F","Y",0,1,1,0,5.34513401730441,3.30272008220689
2021-11-19,07:15:00.000000,"RB/RL","F","Y",1,1,1,1,5.9986748178496,1.8693095072926
2021-11-19,07:25:00.000000,"RR/BG","F","N",0,1,1,0,5.9855489627735,1.91092156264942
2021-11-19,17:22:00.000000,"RR/BG","F","N",0,1,1,0,4.70874298106651,4.16006696371757
2021-11-18,07:55:00.000000,"RB/BY","F","Y",0,1,0,0,5.94444207638279,2.03519679758181
2021-11-18,08:15:00.000000,"RB/RL","F","Y",1,1,0,0,5.91560302707196,2.11755954590527
2021-11-17,07:25:00.000000,"RL/YR","M","Y",0,1,0,0,5.9855489627735,1.91092156264942
2021-11-17,07:53:00.000000,"RB/RL","F","Y",0,1,0,0,5.94726300424272,2.0269386677261
2021-11-16,18:49:00.000000,"RR/BG","F","N",1,1,0,0,4.44896722737071,4.43679030540534
2021-11-11,07:14:00.000000,"RR/BG","F","N",1,1,0,0,5.99997150290788,1.86514331048602
2021-11-11,09:21:00.000000,"RB/BR","M","Y",0,1,0,0,5.8123698418276,2.38637265031479
2021-11-11,11:35:00.000000,"RL/YR","M","Y",0,1,0,0,5.56547748158781,2.91614094417545
2021-11-11,12:56:00.000000,"RB/RL","F","Y",1,1,0,0,5.39272860355907,3.22442177959294
2021-11-10,08:35:00.000000,"RW/RR","F","N",0,1,0,0,5.8856228689776,2.19951382094436
2021-11-10,08:58:00.000000,"RB/BR","M","Y",0,1,0,0,5.84974250895211,2.29323574525518
2021-11-10,09:08:00.000000,"RB/BY","F","Y",0,1,0,0,5.83367633646874,2.33380333483396
2021-11-10,09:39:00.000000,"RW/BG","M","Y",0,1,0,0,5.78208687502533,2.45883894836917
2021-11-10,11:36:00.000000,"RL/YL","F","Y",0,1,0,0,5.56345104188838,2.92000515562362
2021-11-09,08:51:00.000000,"RW/BY","F","Y",0,1,0,0,5.86082102306462,2.26477251395393
2021-11-09,09:57:00.000000,"RW/LB","F","Y",1,1,0,0,5.75090046891247,2.53092105784036
2021-11-09,16:15:00.000000,"RR/RG","M","Y",1,1,0,0,4.89713591850186,3.93655654094748
2021-11-09,16:59:00.000000,"RL/YR","M","Y",0,1,0,1,4.77458505455828,4.0843304422079
2021-11-05,09:25:00.000000,"RR/GO","M","N",1,1,0,0,5.80571861318282,2.40250889465575
2021-11-04,07:31:00.000000,"RW/BG","M","Y",0,1,0,0,5.97753485481934,1.93584468999384
2021-11-04,07:43:00.000000,"RW/LB","F","Y",0,1,0,0,5.96119545035637,1.98558968747522
2021-11-03,17:27:00.000000,"RW/RR","F","N",1,1,0,0,4.69426994808967,4.17639165534312
2021-11-03,18:01:00.000000,"RL/YL","F","Y",1,1,0,0,4.59436143186612,4.28605420377981
2021-11-03,18:04:00.000000,"RR/LR","M","Y",1,1,0,0,4.58542218833536,4.29561648184276
2021-11-03,16:56:00.000000,"RB/BR","M","Y",1,1,0,0,4.78308370864867,4.07437453364527
2021-10-19,07:31:00.000000,"RR/BG","F","N",1,1,0,0,5.97753485481934,1.93584468999384
2021-10-14,10:07:00.000000,"RW/RR","F","N",0,1,0,0,5.73318610058165,2.57079651867954
2021-10-17,14:12:00.000000,"RR/RG","M","Y",1,1,1,0,5.21512081842584,3.50441613590321
2021-10-17,14:06:00.000000,"RR/GG","F","N",1,1,1,0,5.22967723999459,3.48265610846664
2021-10-17,15:27:00.000000,"RR/WW","M","N",0,1,0,0,5.02560979232011,3.7711621311863
2021-10-18,07:11:00.000000,"RW/BY","F","Y",1,1,0,0,6.00384419456044,1.85263933127859
2021-10-18,08:33:00.000000,"RW/RR","F","N",1,1,0,1,5.88867207158365,2.19133722592125
2021-10-18,08:42:00.000000,"RR/BG","F","N",1,1,0,0,5.8748612903352,2.22809838734256
2021-10-18,08:57:00.000000,"RB/BR","M","Y",0,1,0,0,5.85133362311907,2.28917287143494
2021-10-27,09:38:00.000000,"RW/BY","F","Y",0,1,0,0,5.783793007721,2.45482301769293
2021-10-27,10:41:00.000000,"RB/BR","M","Y",0,1,0,0,5.6708943708569,2.70543427917606
2021-10-27,11:49:00.000000,"RL/YR","M","Y",0,1,0,0,5.53686353107119,2.97011108254411
2021-10-27,12:16:00.000000,"RB/RL","F","Y",0,1,0,1,5.48020396299868,3.07339911633536
2021-10-28,09:24:00.000000,"RL/YR","M","Y",0,1,0,0,5.80738562209054,2.39847656663423
2021-10-28,10:27:00.000000,"RR/LR","M","Y",0,1,0,0,5.69692878085667,2.65017359246604
2021-10-28,10:37:00.000000,"RL/YL","F","Y",0,1,0,0,5.67838757797593,2.68967137744485
2021-10-28,10:54:00.000000,"RB/RL","F","Y",1,1,0,0,5.6462395535901,2.75651891120524
2021-10-28,11:42:00.000000,"RB/RL","F","Y",1,1,0,0,5.55123609516848,2.94316078732645
2021-10-28,11:41:00.000000,"RR/WW","M","Y",1,1,1,0,5.55327861811175,2.93930505289605
2021-10-29,07:42:00.000000,"RW/RR","F","N",0,1,0,0,5.96257289457056,1.98144948996684
2021-10-29,08:15:00.000000,"RW/BY","F","Y",0,1,0,0,5.91560302707196,2.11755954590527
2021-10-31,07:53:00.000000,"RL/YR","M","Y",0,1,0,0,5.94726300424272,2.0269386677261
2021-10-31,08:38:00.000000,"RB/RL","F","Y",0,1,0,0,5.8810277792176,2.21177075313611
2021-10-31,08:38:00.000000,"RR/WW","M","N",0,1,0,0,5.8810277792176,2.21177075313611
2021-10-31,09:59:00.000000,"RR/LR","M","Y",0,1,0,1,5.7473797551286,2.53890597594619
2021-10-31,10:28:00.000000,"RL/YL","F","Y",0,1,0,0,5.69508700899581,2.65412915366314
2021-10-31,18:57:00.000000,"RB/BR","M","Y",0,1,0,0,4.42424986240983,4.46143819404954
2021-10-31,19:25:00.000000,"RW/BG","M","Y",0,1,1,0,4.33666879366745,4.54661647584094
2021-10-31,19:04:00.000000,"RW/RR","F","N",0,1,0,0,4.40251012775057,4.48289216682836
2022-01-08,07:08:00.000000,"RB/BR","F","Y",0,1,1,0,6.00769082787087,1.84012731110476
2022-01-08,08:14:00.000000,"RR/WW","M","N",0,1,1,0,5.91707212800735,2.11345097797798
2022-01-29,07:03:00.000000,"RW/RR","F","N",0,1,1,0,6.01404393066691,1.81925622284657
2022-01-29,07:18:00.000000,"RW/BG","M","Y",0,1,1,0,5.99476740790707,1.88180268079642
2022-02-01,08:17:00.000000,"RB/BR","M","Y",0,1,1,0,5.91265626745792,2.12577361618023
2022-03-02,NA,"RB/BR","M","Y",0,0,0,0,NA,NA
2022-03-16,NA,"RB/BR","M","Y",0,0,0,0,NA,NA
2022-01-03,07:40:00.000000,"RL/YR","M","Y",0,1,1,0,5.96531915592885,1.9731662302669
2022-01-03,08:29:00.000000,"RR/LR","M","Y",0,1,0,0,5.89473639297779,2.17497137030826
2022-01-03,09:03:00.000000,"RB/RL","F","Y",0,1,0,0,5.84174463766731,2.31353348638886
2022-02-05,07:56:00.000000,"RL/YR","M","Y",0,1,0,0,5.94302731202425,2.03932439128533
2022-01-11,06:58:00.000000,"RB/BR","M","Y",0,1,1,0,6.0203245262546,1.79836320106221
2022-02-11,07:36:00.000000,"RW/LB","F","Y",0,1,1,0,5.97077715185272,1.95658830806864
2022-02-11,07:41:00.000000,"RB/RL","F","Y",0,1,0,0,5.96394746331569,1.97730833689838
2022-02-11,07:36:00.000000,"RR/WB","F","N",0,1,1,0,5.97077715185272,1.95658830806864
2022-02-18,08:13:00.000000,"RR/WW","M","N",0,1,0,0,5.91853837541655,2.10934139083247
2022-02-25,08:05:00.000000,"RB/RL","F","Y",0,1,1,0,5.93016554318453,2.0764282397387
2022-02-25,08:24:00.000000,"RR/OY","M","N",0,1,1,0,5.90225282732808,2.15449046566819
2022-02-25,08:32:00.000000,"RR/WW","M","N",0,1,0,0,5.89019241350869,2.18724734225511
2022-04-02,09:01:00.000000,"RR/WW","M","N",0,1,1,0,5.84495224318971,2.30541772336143
2022-04-02,08:08:00.000000,"RR/YY","F","Y",0,1,0,1,5.92582678486946,2.08877823621395
2022-04-02,09:16:00.000000,"RR/GO","M","N",0,0,0,0,5.82062080344372,2.36617646570909
2022-04-08,08:57:00.000000,"RR/GO","M","N",0,1,1,0,5.85133362311907,2.28917287143494
2022-04-08,15:00:00.000000,"RR/YG","M","N",0,0,0,1,5.09543155713971,3.67627458861036
2022-04-14,09:13:00.000000,"RR/WR","F","N",0,1,1,0,5.82553770263037,2.35404504621079
2022-04-14,09:13:00.000000,"RR/BG","F","N",0,1,0,0,5.82553770263037,2.35404504621079
2022-04-14,09:52:00.000000,"RR/GO","M","N",0,1,1,0,5.75965370425993,2.51093743676784
2022-05-07,09:57:00.000000,"RR/BG","F","N",0,1,1,0,5.75090046891247,2.53092105784036
2022-05-07,09:36:00.000000,"RR/WR","F","N",0,1,1,0,5.78719690453515,2.44678760673994
2022-05-07,09:54:00.000000,"RR/GO","M","N",0,0,1,0,5.75616073705387,2.5189345314154
2022-05-19,10:04:00.000000,"RR/GO","M","N",0,1,1,1,5.73852948098232,2.55884681062666
2022-05-19,10:31:00.000000,"RY/LY","F","Y",0,1,0,0,5.68954521813356,2.66598814985568
2022-05-19,10:56:00.000000,"RR/WW","M","N",0,1,1,0,5.64240561050116,2.76435824938493
2021-12-21,06:32:00.000000,"RR/WW","M","N",0,1,0,0,6.05181191319571,1.68937567511193
2021-11-06,12:35:00.000000,"RW/BG","M","Y",0,1,0,1,5.43917631907384,3.1454377397087
2021-11-06,12:10:00.000000,"RL/YL","F","Y",0,1,0,0,5.49296218445008,3.0505383204541
2022-03-13,NA,"RB/RL","F","Y",0,0,0,0,NA,NA
2022-03-14,NA,"RB/RL","F","Y",0,0,0,0,NA,NA
2022-06-11,09:59:00.000000,"RR/YY","F","Y",0,1,1,1,5.7473797551286,2.53890597594619
2021-10-12,06:37:00.000000,"RW/BG","M","Y",1,1,0,0,6.04590955594623,1.71037868487523
2021-10-12,06:49:00.000000,"RW/LB","F","Y",1,1,0,0,6.03144663900516,1.76070129357333
2021-11-09,19:49:00.000000,"RW/BY","F","Y",1,1,1,0,4.26029305937855,4.61825948302695
2021-10-18,07:50:00.000000,"RR/BW","M","N",0,1,1,0,5.95147288369708,2.01454414669319
2021-11-02,07:44:00.000000,"RR/BW","M","N",0,1,1,0,5.95981513133739,1.98972892742688
2021-10-18,07:28:00.000000,"RR/BR","M","Y",0,1,0,0,5.98155488959661,1.9233873003377
2021-11-02,07:15:00.000000,"RR/BR","M","Y",0,1,0,0,5.9986748178496,1.8693095072926
2021-10-27,08:10:00.000000,"RR/GY","M","N",1,1,0,0,5.92291998942294,2.0970065339077
2022-01-03,09:47:00.000000,"RR/RG","M","Y",0,1,0,0,5.76833749940777,2.49092354304252
2021-10-18,08:05:00.000000,"RW/LB","F","Y",1,1,0,0,5.93016554318453,2.0764282397387
2021-10-27,08:50:00.000000,"RW/LB","F","Y",0,1,0,0,5.862392368429,2.26070195358497
2021-10-27,08:20:00.000000,"RW/OO","F","N",0,0,1,0,5.90821474434718,2.13808702793783
2021-12-12,14:42:00.000000,"RB/BR","M","Y",0,1,1,0,5.14098571739563,3.61229614758972
2021-11-08,07:27:00.000000,"RR/BR","M","Y",1,1,1,0,5.98288913280289,1.91923297932964
2022-02-18,08:51:00.000000,"RR/BR","M","Y",0,1,0,0,5.86082102306462,2.26477251395393
2021-11-19,07:37:00.000000,"RR/BR","M","Y",0,1,0,0,5.96941697036853,1.96073420897214
2021-12-20,07:08:00.000000,"RR/BR","M","Y",0,1,0,0,6.00769082787087,1.84012731110476
2021-11-22,07:45:00.000000,"RR/BR","M","Y",0,1,0,0,5.95843193817929,1.99386720782565
2021-11-22,08:02:00.000000,"RR/WB","F","N",0,1,0,0,5.93447856294318,2.06406923099135
2021-11-15,08:05:00.000000,"RR/WB","F","N",0,1,0,0,5.93016554318453,2.0764282397387
2021-11-29,08:02:00.000000,"RR/WB","F","N",0,1,0,0,5.93447856294318,2.06406923099135
2022-01-10,07:06:00.000000,"RR/WB","F","N",0,1,1,0,6.01024076497178,1.8317815239348
2022-01-10,06:57:00.000000,"RR/GY","M","N",0,1,1,0,6.02157193782831,1.79418198684414
2021-11-15,08:20:00.000000,"RR/OR","M","N",1,1,1,0,5.90821474434718,2.13808702793783
2021-11-22,08:41:00.000000,"RR/OR","M","N",1,1,1,0,5.87640716417266,2.22401808563188
2021-11-29,08:18:00.000000,"RR/OR","M","N",0,1,1,0,5.91117861020036,2.12987911456663
2021-12-20,07:58:00.000000,"RR/OR","M","N",0,0,0,0,5.94018918586136,2.04757662629098
2021-01-03,09:46:00.000000,"RR/RG","M","Y",0,1,0,0,5.77006591638552,2.48691715280658
2021-11-08,08:22:00.000000,"RR/OY","M","N",1,1,0,0,5.90523948147665,2.14629081691341
2021-11-15,08:46:00.000000,"RR/OY","M","N",0,1,0,0,5.8686494707621,2.24440882944288
2021-11-13,08:28:00.000000,"RR/OY","M","N",0,1,0,0,5.89624536826398,2.17087727925441
2021-11-02,07:52:00.000000,"RR/OY","M","N",0,1,0,0,5.94866916638371,2.02280813555641
2022-01-25,08:42:00.000000,"RR/OY","M","N",0,0,0,0,5.8748612903352,2.22809838734256
2021-12-28,08:00:00.000000,"RR/WB","F","N",1,1,0,0,5.93733960100205,2.05582491149666
2021-11-22,07:51:00.000000,"RW/BG","M","Y",0,1,0,0,5.95007245976074,2.0186766278813
2021-11-29,08:02:00.000000,"RW/BG","M","Y",0,1,0,0,5.93447856294318,2.06406923099135
2021-12-12,14:06:00.000000,"RW/BG","M","Y",0,1,0,0,5.22967723999459,3.48265610846664
2021-11-22,08:08:00.000000,"RW/OO","F","N",0,1,0,0,5.92582678486946,2.08877823621395
2021-11-29,08:09:00.000000,"RW/OO","F","N",0,1,0,0,5.92437481567016,2.09289288971283
2021-10-18,08:50:00.000000,"RR/WR","F","N",1,1,0,0,5.862392368429,2.26070195358497
2022-01-03,08:51:00.000000,"RR/WR","F","N",0,1,0,0,5.86082102306462,2.26477251395393
2021-12-28,09:52:00.000000,"RR/WR","F","N",1,1,0,0,5.75965370425993,2.51093743676784
2022-01-03,08:27:00.000000,"RR/WR","F","N",0,1,0,0,5.89775150006775,2.16678214128833
2022-01-17,09:01:00.000000,"RR/WR","F","N",0,1,0,0,5.84495224318971,2.30541772336143
2021-11-29,07:44:00.000000,"RR/YG","M","N",0,1,0,0,5.95981513133739,1.98972892742688
2021-12-13,07:53:00.000000,"RR/YG","M","N",0,1,0,0,5.94726300424272,2.0269386677261
2021-12-22,08:27:00.000000,"RR/RG","M","Y",0,1,0,0,5.89775150006775,2.16678214128833
2022-02-18,09:00:00.000000,"RR/RG","M","Y",0,1,0,0,5.84655181821807,2.30135817317696
2021-11-02,19:53:00.000000,"RL/YL","F","Y",1,1,0,0,4.24744814100689,4.63007579784765
2021-11-02,20:04:00.000000,"RR/LR","M","Y",1,0,0,0,4.21195592614603,4.66238617883169
2021-11-03,06:32:00.000000,"RR/LR","M","Y",1,0,0,0,6.05181191319571,1.68937567511193
2021-11-04,18:11:00.000000,"RL/YL","F","Y",1,0,0,0,4.5644866239895,4.31785588733324
2021-11-04,07:22:00.000000,"RR/LR","M","Y",1,0,0,0,5.98951705701464,1.89844753103374
2021-11-10,11:01:00.000000,"RL/YL","M","Y",1,0,0,0,5.63277315033465,2.78393323217825
2021-11-16,06:40:00.000000,"RB/RL","F","Y",1,0,0,0,6.04233314913831,1.72297060891407
2021-12-08,15:44:00.000000,"RB/RL","F","Y",1,1,0,0,4.98073995399298,3.83022807611446
2021-11-19,06:14:00.000000,"RB/RL","F","Y",1,1,0,0,6.0724557675624,1.61359801541634
2021-11-26,06:25:00.000000,"RB/RL","F","Y",1,1,0,0,6.05995262048673,1.65993730056693
2021-12-02,17:35:00.000000,"RB/RL","F","Y",1,1,0,1,4.67099544932807,4.20240634835731
2021-12-09,21:06:00.000000,"RB/BY","F","Y",1,0,0,1,4.00737289649899,4.83935740287517
2021-10-13,07:19:00.000000,"BB/BR","M","Y",1,1,0,0,5.9934591550974,1.88596525963141
2021-10-05,10:56:00.000000,"RR/YY","F","Y",1,1,0,0,5.64240561050116,2.76435824938493
2021-10-05,13:43:00.000000,"RR/YY","F","Y",1,1,0,0,5.28463356995895,3.39868586892351
2021-10-06,15:12:00.000000,"RW/BY","F","Y",1,1,0,0,5.0646193664627,3.71860837911286
2021-10-06,13:13:00.000000,"RR/YY","F","Y",1,1,0,0,5.35428760631111,3.28785976484106
2021-11-19,12:59:00.000000,"RL/RB","F","Y",1,1,0,1,5.38599936007842,3.23564962528273
