"nest_id","parent","tag_type","season","state","date"
"2021_G3","RRBG","control",2021,"fail","2021-11-07"
"2021_G3","RRGO","control",2021,"fail","2021-11-07"
"2021_N09","RWBY","GPS",2021,"fail","2021-10-05"
"2021_N14","RLYR","GPS",2021,"fail","2021-10-04"
"2021_N14","RRYY","GPS",2021,"fail","2021-10-02"
"2021_N19","RBRL","PTT",2021,"aband","2021-10-04"
"2021_N19","RRWW","control",2021,"aband","2021-10-04"
"2021_N20","RROO","control",2021,"fail","2021-10-04"
"2021_N20","RRRB","control",2021,"fail","2021-10-15"
"2021_N22","RBBR","GPS",2021,"fail","2021-10-09"
"2021_N23","RRYO","control",2021,"fail","2021-10-07"
"2021_N23","RYLY","control",2021,"fail","2021-10-07"
"2021_N24","RRBB","control",2021,"fail","2021-10-06"
"2021_N24","RYBB","control",2021,"fail","2021-10-07"
"2021_N26","RRGB","control",2021,"fail","2021-10-09"
"2021_N26","RWRR","control",2021,"fail","2021-10-07"
"2021_N27","RRBG","control",2021,"fail","2021-10-18"
"2021_N27","RRGO","control",2021,"fail","2021-10-18"
"2021_N29","RRBB","control",2021,"fail","2021-10-20"
"2021_N29","RYBB","control",2021,"fail","2021-10-20"
"2021_N31","RBRL","PTT",2021,"fail","2021-10-25"
"2021_N31","RRWW","control",2021,"fail","2021-10-25"
"2021_N34","RRYY","GPS",2021,"fail","2021-11-03"
"2021_N35","RLYL","GPS",2021,"fail","2021-11-01"
"2021_N35","RRLR","GPS",2021,"fail","2021-11-01"
"2021_N37","RWBG","GPS",2021,"fail","2021-11-08"
"2021_N37","RWLB","GPS",2021,"fail","2021-11-08"
"2021_N38","RWBY","GPS",2021,"fail","2021-11-09"
"2021_N39","RBRL","PTT",2021,"brood","2021-11-10"
"2021_N39","RRWW","control",2021,"brood","2021-11-10"
"2021_N43","RBBY","GPS",2021,"fail","2021-11-17"
"2021_N43","RRWY","control",2021,"fail","2021-11-17"
"2021_N45","RRGB","control",2021,"fail","2021-11-21"
"2021_N45","RWRR","control",2021,"fail","2021-11-21"
"2021_N48","RRYO","control",2021,"fail","2021-11-29"
"2021_N49","RBBY","GPS",2021,"fail","2021-11-26"
"2021_N49","RRBB","control",2021,"fail","2021-11-26"
"2021_WW16","RRWB","control",2021,"fail","2021-10-07"
"2021_WW16","RRYG","control",2021,"fail","2021-10-07"
"2021_WW38N","RROY","control",2021,"fail","2021-11-05"
"2021_WW52","RRWR","control",2021,"brood","2021-12-01"
"2021_WW56","RRGY","control",2021,"fail","2021-12-08"
"2021_Ww39","RRBO","control",2021,"fail","2021-11-07"
"2021_ww11","RRBO","control",2021,"fail","2021-10-12"
"2021_ww11","RROR","control",2021,"fail","2021-10-05"
"2021_ww13","RYBR","control",2021,"fail","2021-10-05"
"2021_ww15","RROG","control",2021,"brood","2021-10-11"
"2021_ww15","RRWG","control",2021,"brood","2021-10-11"
"2021_ww18","RRWR","control",2021,"fail","2021-10-07"
"2021_ww18","RRYR","control",2021,"fail","2021-10-07"
"2021_ww19","RRGG","control",2021,"aband","2021-10-07"
"2021_ww19","RRRG","control",2021,"aband","2021-10-11"
"2021_ww21","RRBR","GPS",2021,"fail","2021-10-07"
"2021_ww21","RRYR","control",2021,"fail","2021-10-07"
"2021_ww22","RWBG","GPS",2021,"fail","2021-10-11"
"2021_ww22","RWLB","GPS",2021,"fail","2021-10-11"
"2021_ww23","RYBR","control",2021,"fail","2021-10-11"
"2021_ww25","RRBW","control",2021,"fail","2021-10-13"
"2021_ww25","RWOO","control",2021,"fail","2021-10-16"
"2021_ww26","RRGY","control",2021,"fail","2021-10-13"
"2021_ww30","RRBR","GPS",2021,"fail","2021-10-19"
"2021_ww33","RRGG","control",2021,"brood","2021-10-26"
"2021_ww33","RRRG","PTT",2021,"brood","2021-10-26"
"2021_ww41","RRBR","GPS",2021,"fail","2021-11-10"
"2021_ww41","RRYR","control",2021,"fail","2021-11-10"
"2021_ww46","RWLB","GPS",2021,"fail","2021-11-28"
"2021_ww54","RRBR","GPS",2021,"fail","2021-12-08"
"2021_ww54","RRYR","control",2021,"fail","2021-12-08"
"2021_ww62","RRWB","control",2021,"fail","2022-01-02"
"2021_ww63","RRBW","control",2021,"fail","2022-01-02"
"2021_ww65","RYBR","control",2021,"fail","2022-01-02"
"2022_N03","RRBG","control",2022,"fail","2022-09-04"
"2022_N03","RRGO","control",2022,"fail","2022-09-04"
"2022_N05","RBBR","GPS",2022,"fail","2022-09-01"
"2022_N14","RWBG","GPS",2022,"fail","2022-09-16"
"2022_N14","RWLB","GPS",2022,"fail","2022-09-16"
"2022_N15","RBBR","GPS",2022,"fail","2022-09-19"
"2022_N16","RROO","control",2022,"brood","2022-09-22"
"2022_N16","RRRB","control",2022,"brood","2022-09-22"
"2022_N20","RRBG","control",2022,"fail","2022-09-30"
"2022_N20","RRGO","control",2022,"fail","2022-09-30"
"2022_N23","RWBY","GPS",2022,"fail","2022-10-01"
"2022_N24","RWBG","GPS",2022,"brood","2022-10-10"
"2022_N24","RWLB","GPS",2022,"brood","2022-10-10"
"2022_N25","RRBB","control",2022,"fail","2022-10-10"
"2022_N26","RBGB","PTT",2022,"fail","2022-10-26"
"2022_N26","RBWR","PTT",2022,"fail","2022-11-03"
"2022_N27","RWLG","PTT",2022,"fail","2022-10-26"
"2022_N28","RBBL","control",2022,"fail","2022-11-03"
"2022_N28","RROW","PTT",2022,"fail","2022-11-03"
"2022_N29","RBOY","PTT",2022,"fail","2022-11-03"
"2022_N29","RBWG","control",2022,"fail","2022-11-03"
"2022_N30","RWBY","control",2022,"fail","2022-11-03"
"2022_N31","RRBG","control",2022,"fledge","2022-11-03"
"2022_N31","RRGO","PTT",2022,"fledge","2022-11-03"
"2022_N32","RBRL","PTT",2022,"fail","2022-11-05"
"2022_N33","RRWW","control",2022,"brood","2022-11-06"
"2022_N34","RRYY","GPS",2022,"fail","2022-11-06"
"2022_N37","RRGB","control",2022,"fledge","2022-11-09"
"2022_N37","RWRR","control",2022,"fledge","2022-11-09"
"2022_N39","RBBR","control",2022,"fledge","2022-11-12"
"2022_N40","RLYL","control",2022,"fail","2022-11-13"
"2022_N40","RRLR","control",2022,"fail","2022-11-13"
"2022_N42","RWLG","PTT",2022,"fledge","2022-11-15"
"2022_N43","RROO","control",2022,"brood","2022-11-19"
"2022_N43","RRRB","control",2022,"brood","2022-11-19"
"2022_N47","RBBY","control",2022,"fail","2022-12-03"
"2022_N48","RRBB","control",2022,"brood","2022-12-04"
"2022_N49","RBGB","PTT",2022,"fail","2022-12-04"
"2022_N49","RBWR","PTT",2022,"fail","2022-12-04"
"2022_N51","RWBY","control",2022,"fail","2022-12-04"
"2022_N53","RROW","PTT",2022,"fail","2022-12-05"
"2022_N54","RRGO","PTT",2022,"fail","2022-12-05"
"2022_WW08","RRWR","control",2022,"fail","2022-09-07"
"2022_WW13","RRBO","control",2022,"brood","2022-09-14"
"2022_WW20","RRBR","GPS",2022,"fail","2022-09-29"
"2022_WW21","RBOG","PTT",2022,"fail","2022-11-05"
"2022_WW21","RYBW","control",2022,"fail","2022-11-05"
"2022_WW22","RRWR","control",2022,"fledge","2022-10-21"
"2022_WW25","RWBL","control",2022,"fail","2022-11-05"
"2022_WW27","RBWB","control",2022,"fail","2022-11-05"
"2022_WW28","RYBR","control",2022,"brood","2022-11-08"
"2022_WW30","RROR","control",2022,"brood","2022-11-11"
"2022_WW32","RRBW","control",2022,"brood","2022-11-09"
"2022_WW32","RWOO","control",2022,"brood","2022-11-09"
"2022_WW37","RRBO","control",2022,"brood","2022-11-12"
"2022_WW38","RBOG","PTT",2022,"fail","2022-11-14"
"2022_WW38","RYBW","control",2022,"fail","2022-11-14"
"2022_WW44","RBOG","PTT",2022,"fail","2022-12-15"
"2022_WW45","RRBG","control",2022,"fail","2022-12-30"
"2023_N01","RRBG","control",2023,"brood","2023-08-17"
"2023_N01","RRGO","PTT",2023,"brood","2023-08-17"
"2023_N02","RBBR","control",2023,"fail","2023-08-28"
"2023_N03","RRWW","control",2023,"fail","2023-09-05"
"2023_N05","RRYY","control",2023,"fail","2023-09-06"
"2023_N06","RRGB","control",2023,"fail","2023-09-06"
"2023_N06","RWRR","control",2023,"fail","2023-09-06"
"2023_N09","RWBG","control",2023,"fail","2023-09-17"
"2023_N09","RWLB","control",2023,"fail","2023-09-17"
"2023_N10","RBBR","control",2023,"fail","2023-09-17"
"2023_N11","RRYY","control",2023,"fail","2023-09-17"
"2023_N12","RWLG","PTT",2023,"fledge","2023-09-19"
"2023_N14","RRBB","control",2023,"fledge","2023-09-21"
"2023_N15","RBGB","PTT",2023,"aband","2023-09-21"
"2023_N16","RBGB","PTT",2023,"fail","2023-09-28"
"2023_N21","RWBG","control",2023,"brood","2023-10-13"
"2023_N21","RWLB","control",2023,"brood","2023-10-13"
"2023_N23","RRYY","control",2023,"fail","2023-10-13"
"2023_N24","RRBG","control",2023,"fail","2023-10-13"
"2023_N24","RRGO","PTT",2023,"fail","2023-10-13"
"2023_N26","RRGB","control",2023,"fail","2023-10-16"
"2023_N26","RWRR","control",2023,"fail","2023-10-16"
"2023_N28","RBGB","PTT",2023,"fail","2023-10-23"
"2023_N28","RBWR","PTT",2023,"fail","2023-10-23"
"2023_N30","RBBR","control",2023,"fail","2023-10-31"
"2023_N33","RWBY","control",2023,"brood","2023-11-12"
"2023_N34","RRBG","control",2023,"fail","2023-11-15"
"2023_N34","RRGO","control",2023,"fail","2023-11-15"
"2023_N35","RRYY","control",2023,"fail","2023-11-22"
"2023_N41","RBOY","PTT",2023,"fail","2023-11-30"
"2023_N41","RYLY","control",2023,"fail","2023-11-30"
"2023_N42","RBGB","control",2023,"fail","2023-12-03"
"2023_N42","RBWR","PTT",2023,"fail","2023-12-03"
"2023_N44","RBBR","control",2023,"fail","2023-12-07"
"2023_ww01","RBOG","PTT",2023,"brood","2023-09-08"
"2023_ww01","RROR","control",2023,"brood","2023-09-08"
"2023_ww02","RRYR","control",2023,"fail","2023-09-11"
"2023_ww05","RRBO","control",2023,"brood","2023-09-22"
"2023_ww06","RRBW","control",2023,"brood","2023-09-22"
"2023_ww06","RWOO","control",2023,"brood","2023-09-22"
"2023_ww10","RBWG","control",2023,"fail","2023-09-30"
"2023_ww13","RRRO","control",2023,"fail","2023-10-15"
